{"Energy":{"iters":[0,1,2,3,4,5,6,7,8,9,10,11,12,13,14,15,16,17,18,19,20,21,22,23,24,25,26,27,28,29,30,31,32,33,34,35,36,37,38,39,40,41,42,43,44,45,46,47,48,49,50,51,52,53,54,55,56,57,58,59,60,61,62,63,64,65,66,67,68,69,70,71,72,73,74,75,76,77,78,79,80,81,82,83,84,85,86,87,88,89,90,91,92,93,94,95,96,97,98,99,100,101,102,103,104,105,106,107,108,109,110,111,112,113,114,115,116,117,118,119,120,121,122,123,124,125,126,127,128,129,130,131,132,133,134,135,136,137,138,139,140,141,142,143,144,145,146,147,148,149,150,151,152,153,154,155,156,157,158,159,160,161,162,163,164,165,166,167,168,169,170,171,172,173,174,175,176,177,178,179,180,181,182,183,184,185,186,187,188,189,190,191,192,193,194,195,196,197,198,199],"Mean":{"real":[-7.9839149803544345,-7.986381114252185,-7.988469643902622,-7.990238249176477,-7.991735833514797,-7.993003851202052,-7.99407743582478,-7.994986359212526,-7.995755845980677,-7.996407265174713,-7.996958717384506,-7.99742553298633,-7.9978206948428845,-7.998155196819895,-7.998438347791886,-7.998678029366866,-7.99888091433066,-7.999052651763766,-7.999198023889647,-7.999321078950851,-7.999425243760523,-7.999513419025638,-7.999588060069447,-7.999651245182646,-7.999704733494481,-7.999750013986123,-7.9997883469043645,-7.999820798958266,-7.999848272992668,-7.999871533156286,-7.9998912262182085,-7.999907899593355,-7.999922016603126,-7.999933969402288,-7.999944089924444,-7.999952659138499,-7.999959914887098,-7.999966058518345,-7.999971260496074,-7.999975665145446,-7.999979394666974,-7.999982552531993,-7.999985226355351,-7.99998749032626,-7.99998940726571,-7.999991030368186,-7.999992404676322,-7.999993568329629,-7.999994553621958,-7.999995387897084,-7.9999960943071216,-7.999996692454859,-7.999997198937711,-7.999997627808373,-7.999997990964896,-7.999998298481021,-7.999998558885863,-7.999998779400772,-7.999998966139838,-7.999999124279707,-7.999999258203309,-7.999999371621604,-7.999999467676611,-7.99999954902866,-7.999999617930261,-7.99999967628864,-7.999999725718691,-7.999999767587792,-7.999999803053766,-7.999999833097006,-7.999999858547679,-7.99999988010876,-7.999999898375526,-7.999999913852066,-7.999999926965262,-7.999999938076616,-7.999999947492277,-7.999999955471514,-7.9999999622339155,-7.999999967965445,-7.999999972823617,-7.999999976941836,-7.999999980433836,-7.9999999833951065,-7.999999985906552,-7.999999988036714,-7.999999989843664,-7.99999999137661,-7.999999992677251,-7.999999993780914,-7.999999994717548,-7.999999995512531,-7.999999996187371,-7.9999999967603035,-7.999999997246784,-7.999999997659917,-7.999999998010809,-7.999999998308883,-7.999999998562127,-7.999999998777314,-7.9999999989601935,-7.999999999115638,-7.999999999247786,-7.999999999360142,-7.999999999455683,-7.999999999536944,-7.999999999606063,-7.9999999996648645,-7.999999999714891,-7.99999999975746,-7.999999999793685,-7.9999999998245155,-7.999999999850758,-7.999999999873091,-7.999999999892103,-7.999999999908285,-7.999999999922056,-7.999999999933779,-7.999999999943755,-7.999999999952244,-7.999999999959464,-7.999999999965609,-7.999999999970708,-7.999999999974953,-7.999999999978499,-7.99999999998147,-7.99999999998397,-7.999999999986079,-7.999999999987862,-7.999999999989376,-7.999999999990665,-7.999999999991767,-7.999999999992711,-7.999999999993522,-7.99999999999422,-7.999999999994822,-7.999999999995346,-7.999999999995798,-7.999999999996193,-7.999999999996538,-7.999999999996842,-7.999999999997106,-7.999999999997338,-7.999999999997543,-7.999999999997723,-7.999999999997883,-7.999999999998021,-7.999999999998147,-7.999999999998259,-7.999999999998357,-7.99999999999844,-7.9999999999985185,-7.999999999998586,-7.999999999998646,-7.999999999998699,-7.999999999998744,-7.999999999998786,-7.9999999999988205,-7.999999999998851,-7.999999999998876,-7.999999999998896,-7.999999999998912,-7.999999999998929,-7.999999999998945,-7.999999999998962,-7.999999999998978,-7.999999999998993,-7.999999999999007,-7.999999999999022,-7.999999999999035,-7.999999999999051,-7.999999999999066,-7.999999999999079,-7.999999999999094,-7.999999999999107,-7.999999999999121,-7.999999999999135,-7.999999999999147,-7.99999999999916,-7.999999999999172,-7.999999999999185,-7.999999999999197,-7.9999999999992095,-7.99999999999922,-7.9999999999992335,-7.999999999999244,-7.999999999999256,-7.999999999999266,-7.999999999999277,-7.999999999999287,-7.9999999999992975,-7.999999999999309,-7.99999999999932,-7.999999999999329,-7.99999999999934,-7.999999999999348,-7.999999999999359,-7.999999999999368,-7.999999999999378,-7.999999999999387],