{"Energy":{"iters":[0,1,2,3,4,5,6,7,8,9,10,11,12,13,14,15,16,17,18,19,20,21,22,23,24,25,26,27,28,29,30,31,32,33,34,35,36,37,38,39,40,41,42,43,44,45,46,47,48,49,50,51,52,53,54,55,56,57,58,59,60,61,62,63,64,65,66,67,68,69,70,71,72,73,74,75,76,77,78,79,80,81,82,83,84,85,86,87,88,89,90,91,92,93,94,95,96,97,98,99,100,101,102,103,104,105,106,107,108,109,110,111,112,113,114,115,116,117,118,119,120,121,122,123,124,125,126,127,128,129,130,131,132,133,134,135,136,137,138,139,140,141,142,143,144,145,146,147,148,149,150,151,152,153,154,155,156,157,158,159,160,161,162,163,164,165,166,167,168,169,170,171,172,173,174,175,176,177,178,179,180,181,182,183,184,185,186,187,188,189,190,191,192,193,194,195,196,197,198,199],"Mean":{"real":[-7.999999999762076,-7.999999999762169,-7.999999999762266,-7.99999999976236,-7.999999999762453,-7.999999999762548,-7.999999999762641,-7.9999999997627365,-7.99999999976283,-7.999999999762926,-7.99999999976302,-7.999999999763114,-7.999999999763207,-7.999999999763302,-7.9999999997633955,-7.9999999997634905,-7.999999999763584,-7.999999999763677,-7.999999999763771,-7.999999999763865,-7.9999999997639595,-7.999999999764052,-7.999999999764147,-7.999999999764238,-7.999999999764334,-7.999999999764427,-7.999999999764522,-7.999999999764613,-7.999999999764708,-7.9999999997648,-7.999999999764894,-7.999999999764985,-7.9999999997650795,-7.999999999765172,-7.999999999765266,-7.999999999765358,-7.999999999765451,-7.999999999765544,-7.999999999765636,-7.999999999765729,-7.999999999765819,-7.999999999765914,-7.999999999766006,-7.999999999766099,-7.9999999997661915,-7.999999999766284,-7.999999999766376,-7.999999999766468,-7.99999999976656,-7.999999999766652,-7.999999999766745,-7.999999999766835,-7.999999999766928,-7.99999999976702,-7.9999999997671125,-7.999999999767203,-7.999999999767295,-7.999999999767386,-7.999999999767479,-7.999999999767571,-7.999999999767661,-7.999999999767753,-7.999999999767846,-7.999999999767937,-7.999999999768028,-7.999999999768119,-7.9999999997682085,-7.999999999768302,-7.999999999768393,-7.999999999768484,-7.999999999768575,-7.999999999768667,-7.999999999768757,-7.999999999768848,-7.999999999768939,-7.999999999769029,-7.99999999976912,-7.9999999997692095,-7.9999999997693,-7.999999999769392,-7.999999999769482,-7.999999999769573,-7.999999999769664,-7.99999999976976,-7.999999999769856,-7.999999999769956,-7.999999999770058,-7.999999999770161,-7.999999999770268,-7.9999999997703775,-7.999999999770492,-7.999999999770607,-7.999999999770726,-7.99999999977085,-7.999999999770976,-7.999999999771106,-7.999999999771241,-7.999999999771381,-7.999999999771525,-7.999999999771675,-7.99999999977183,-7.999999999771994,-7.99999999977216,-7.999999999772337,-7.99999999977252,-7.999999999772713,-7.999999999772914,-7.999999999773127,-7.999999999773349,-7.999999999773589,-7.9999999997738405,-7.9999999997741105,-7.999999999774399,-7.999999999774708,-7.9999999997750475,-7.999999999775415,-7.999999999775821,-7.999999999776273,-7.999999999776783,-7.99999999977737,-7.999999999778059,-7.999999999778897,-7.99999999977971,-7.999999999780501,-7.999999999781268,-7.999999999782015,-7.999999999782739,-7.999999999783441,-7.999999999784119,-7.999999999784781,-7.999999999785418,-7.999999999786036,-7.999999999786636,-7.999999999787212,-7.99999999978777,-7.999999999788307,-7.999999999788824,-7.999999999789324,-7.999999999789803,-7.999999999790265,-7.999999999790706,-7.99999999979113,-7.999999999791533,-7.999999999791921,-7.99999999979229,-7.999999999792639,-7.999999999792973,-7.999999999793287,-7.999999999793583,-7.999999999793864,-7.999999999794125,-7.999999999794369,-7.9999999997945945,-7.999999999794806,-7.999999999794998,-7.9999999997951745,-7.999999999795333,-7.999999999795476,-7.9999999997956,-7.999999999795708,-7.999999999795797,-7.999999999795873,-7.999999999795947,-7.999999999796021,-7.9999999997960956,-7.99999999979617,-7.999999999796243,-7.999999999796318,-7.999999999796393,-7.999999999796466,-7.9999999997965405,-7.999999999796614,-7.999999999796688,-7.999999999796761,-7.999999999796836,-7.999999999796908,-7.999999999796983,-7.999999999797058,-7.999999999797131,-7.999999999797205,-7.999999999797279,-7.999999999797351,-7.999999999797424,-7.999999999797499,-7.999999999797572,-7.999999999797646,-7.999999999797719,-7.99999999979779,-7.999999999797867,-7.999999999797939,-7.9999999997980105,-7.999999999798085,-7.999999999798158,-7.99999999979823,-7.999999999798304,-7.9999999997983755,-7.99999999979845,-7.999999999798524,-7.999999999798596,-7.99999999979867],"imag":[0.0,0.0,0.0,0.0,0.0,0.0,-8.470329472543003e-22,8.470329472543003e-22,0.0,-8.470329472543003e-22,1.6940658945086007e-21,0.0,0.0,1.6940658945086007e-21,0.0,-8.470329472543003e-22,-1.6940658945086007e-21,8.470329472543003e-22,8.470329472543003e-22,8.470329472543003e-22,0.0,-8.470329472543003e-22,8.470329472543003e-22,0.0,0.0,0.0,0.0,0.0,0.0,0.0,0.0,0.0,-8.470329472543003e-22,-8.470329472543003e-22,0.0,-8.470329472543003e-22,0.0,-1.6940658945086007e-21,-8.470329472543003e-22,0.0,0.0,0.0,0.0,-8.470329472543003e-22,0.0,-8.470329472543003e-22,0.0,0.0,0.0,-8.470329472543003e-22,0.0,0.0,0.0,-8.470329472543003e-22,0.0,0.0,0.0,0.0,0.0,8.470329472543003e-22,0.0,-8.470329472543003e-22,0.0,0.0,0.0,0.0,-8.470329472543003e-22,0.0,0.0,0.0,0.0,0.0,8.470329472543003e-22,-1.6940658945086007e-21,8.470329472543003e-22,8.470329472543003e-22,0.0,8.470329472543003e-22,1.6940658945086007e-21,0.0,0.0,0.0,-8.470329472543003e-22,0.0,8.470329472543003e-22,-8.470329472543003e-22,0.0,-8.470329472543003e-22,0.0,-8.470329472543003e-22,8.470329472543003e-22,8.470329472543003e-22,0.0,0.0,-8.470329472543003e-22,0.0,-8.470329472543003e-22,1.6940658945086007e-21,0.0,0.0,0.0,0.0,1.6940658945086007e-21,0.0,0.0,8.470329472543003e-22,-8.470329472543003e-22,8.470329472543003e-22,-8.470329472543003e-22,0.0,1.6940658945086007e-21,0.0,8.470329472543003e-22,-8.470329472543003e-22,8.470329472543003e-22,0.0,0.0,1.6940658945086007e-21,0.0,-8.470329472543003e-22,8.470329472543003e-22,8.470329472543003e-22,0.0,0.0,0.0,0.0,0.0,1.6940658945086007e-21,8.470329472543003e-22,0.0,0.0,-8.470329472543003e-22,0.0,0.0,0.0,0.0,0.0,0.0,-8.470329472543003e-22,0.0,-8.470329472543003e-22,8.470329472543003e-22,8.470329472543003e-22,0.0,1.6940658945086007e-21,8.470329472543003e-22,8.470329472543003e-22,0.0,-8.470329472543003e-22,-8.470329472543003e-22,0.0,0.0,0.0,-8.470329472543003e-22,0.0,0.0,0.0,2.541098841762901e-21,-2.541098841762901e-21,8.470329472543003e-22,0.0,0.0,0.0,-8.470329472543003e-22,8.470329472543003e-22,8.470329472543003e-22,0.0,0.0,8.470329472543003e-22,8.470329472543003e-22,0.0,-8.470329472543003e-22,-8.470329472543003e-22,0.0,-8.470329472543003e-22,0.0,-8.470329472543003e-22,0.0,0.0,0.0,0.0,8.470329472543003e-22,8.470329472543003e-22,0.0,8.470329472543003e-22,0.0,1.6940658945086007e-21,0.0,-8.470329472543003e-22,8.470329472543003e-22,0.0,8.470329472543003e-22,0.0,1.6940658945086007e-21,0.0,-8.470329472543003e-22,8.470329472543003e-22,0.0,-8.470329472543003e-22,0.0]},