{"Energy":{"iters":[0,1,2,3,4,5,6,7,8,9,10,11,12,13,14,15,16,17,18,19,20,21,22,23,24,25,26,27,28,29,30,31,32,33,34,35,36,37,38,39,40,41,42,43,44,45,46,47,48,49,50,51,52,53,54,55,56,57,58,59,60,61,62,63,64,65,66,67,68,69,70,71,72,73,74,75,76,77,78,79,80,81,82,83,84,85,86,87,88,89,90,91,92,93,94,95,96,97,98,99,100,101,102,103,104,105,106,107,108,109,110,111,112,113,114,115,116,117,118,119,120,121,122,123,124,125,126,127,128,129,130,131,132,133,134,135,136,137,138,139,140,141,142,143,144,145,146,147,148,149,150,151,152,153,154,155,156,157,158,159,160,161,162,163,164,165,166,167,168,169,170,171,172,173,174,175,176,177,178,179,180,181,182,183,184,185,186,187,188,189,190,191,192,193,194,195,196,197,198,199],"Mean":{"real":[-7.987485393702231,-7.98940562419396,-7.991031475796529,-7.992407998916672,-7.993573371341178,-7.994559941683218,-7.995395115096308,-7.996102105196688,-7.9967005724551825,-7.997207166120816,-7.997635984094771,-7.997998963001328,-7.998306208907046,-7.998566277618036,-7.998786412181952,-7.998972744091655,-7.999130463710612,-7.999263964622407,-7.99937696586705,-7.999472615451923,-7.999553577996187,-7.999622108935194,-7.999680117342271,-7.9997292191109555,-7.999770781975113,-7.999805963618037,-7.999835743930769,-7.999860952317011,-7.999882290805269,-7.999900353611615,-7.999915643698002,-7.999928586787497,-7.999939543226921,-7.999948818027516,-7.999956669363438,-7.999963315764946,-7.9999689422067775,-7.999973705261403,-7.999977737460778,-7.9999811509881935,-7.999984040803114,-7.99998648728606,-7.999988558477323,-7.9999903119718265,-7.999991796522989,-7.999993053400314,-7.99999411753843,-7.99999501850973,-7.999995781347644,-7.999996427243415,-7.999996974136117,-7.999997437211705,-7.999997829325761,-7.999998161361148,-7.999998442530904,-7.999998680634493,-7.999998882274736,-7.999999053041549,-7.9999991976672975,-7.999999320158475,-7.999999423907072,-7.999999511784853,-7.999999586223208,-7.999999649280693,-7.999999702700256,-7.999999747957636,-7.999999786302365,-7.99999981879246,-7.999999846323797,-7.999999869654982,-7.999999889428397,-7.999999906188034,-7.999999920394558,-7.999999932438104,-7.999999942649079,-7.999999951307309,-7.999999958649814,-7.9999999648773334,-7.999999970159917,-7.999999974641605,-7.999999978444421,-7.999999981671742,-7.999999984412195,-7.999999986739711,-7.9999999887169375,-7.999999990396972,-7.999999991824822,-7.999999993038628,-7.999999994070739,-7.999999994948576,-7.999999995695394,-7.999999996330921,-7.999999996871887,-7.999999997332489,-7.9999999977247755,-7.999999998058973,-7.999999998343763,-7.999999998586516,-7.999999998793493,-7.999999998970017,-7.999999999120605,-7.999999999249102,-7.999999999358774,-7.999999999452399,-7.999999999532343,-7.999999999600617,-7.999999999658939,-7.999999999708762,-7.99999999975133,-7.999999999787706,-7.999999999818786,-7.999999999845352,-7.9999999998680495,-7.9999999998874465,-7.999999999904018,-7.999999999918176,-7.999999999930272,-7.999999999940598,-7.999999999949415,-7.99999999995694,-7.999999999963361,-7.9999999999688365,-7.999999999973384,-7.999999999977174,-7.999999999980343,-7.999999999983003,-7.9999999999852385,-7.999999999987127,-7.999999999988727,-7.999999999990085,-7.999999999991244,-7.9999999999922355,-7.999999999993083,-7.999999999993811,-7.999999999994441,-7.999999999994984,-7.999999999995456,-7.999999999995866,-7.999999999996223,-7.999999999996534,-7.999999999996806,-7.999999999997046,-7.9999999999972555,-7.99999999999744,-7.999999999997605,-7.999999999997749,-7.999999999997878,-7.999999999997989,-7.99999999999809,-7.9999999999981775,-7.999999999998257,-7.999999999998328,-7.999999999998387,-7.999999999998444,-7.999999999998492,-7.999999999998533,-7.999999999998569,-7.999999999998602,-7.9999999999986295,-7.9999999999986535,-7.9999999999986695,-7.9999999999986855,-7.9999999999987,-7.999999999998714,-7.999999999998732,-7.999999999998745,-7.999999999998757,-7.999999999998772,-7.999999999998787,-7.999999999998799,-7.999999999998812,-7.999999999998826,-7.999999999998838,-7.999999999998851,-7.999999999998864,-7.999999999998875,-7.999999999998887,-7.9999999999988995,-7.999999999998911,-7.999999999998921,-7.999999999998935,-7.999999999998944,-7.9999999999989555,-7.999999999998966,-7.999999999998976,-7.9999999999989875,-7.999999999998998,-7.999999999999007,-7.999999999999019,-7.9999999999990274,-7.999999999999037,-7.999999999999047,-7.999999999999057,-7.999999999999065,-7.9999999999990745,-7.999999999999082,-7.999999999999094,-7.999999999999101,-7.999999999999108,-7.999999999999115],