{"Energy":{"iters":[0,1,2,3,4,5,6,7,8,9,10,11,12,13,14,15,16,17,18,19,20,21,22,23,24,25,26,27,28,29,30,31,32,33,34,35,36,37,38,39,40,41,42,43,44,45,46,47,48,49,50,51,52,53,54,55,56,57,58,59,60,61,62,63,64,65,66,67,68,69,70,71,72,73,74,75,76,77,78,79,80,81,82,83,84,85,86,87,88,89,90,91,92,93,94,95,96,97,98,99,100,101,102,103,104,105,106,107,108,109,110,111,112,113,114,115,116,117,118,119,120,121,122,123,124,125,126,127,128,129,130,131,132,133,134,135,136,137,138,139,140,141,142,143,144,145,146,147,148,149,150,151,152,153,154,155,156,157,158,159,160,161,162,163,164,165,166,167,168,169,170,171,172,173,174,175,176,177,178,179,180,181,182,183,184,185,186,187,188,189,190,191,192,193,194,195,196,197,198,199],"Mean":{"real":[-7.999999999806116,-7.999999999806379,-7.99999999980664,-7.999999999806906,-7.999999999807167,-7.99999999980743,-7.999999999807692,-7.999999999807951,-7.999999999808212,-7.999999999808475,-7.9999999998087326,-7.999999999808993,-7.999999999809251,-7.999999999809511,-7.999999999809769,-7.9999999998100275,-7.999999999810283,-7.999999999810543,-7.999999999810798,-7.999999999811055,-7.99999999981131,-7.999999999811566,-7.99999999981182,-7.999999999812073,-7.999999999812329,-7.999999999812583,-7.999999999812834,-7.999999999813088,-7.99999999981334,-7.999999999813594,-7.999999999813843,-7.999999999814097,-7.999999999814348,-7.999999999814597,-7.99999999981485,-7.999999999815096,-7.999999999815348,-7.999999999815595,-7.999999999815846,-7.999999999816095,-7.9999999998163425,-7.999999999816589,-7.9999999998168345,-7.999999999817082,-7.999999999817328,-7.9999999998175735,-7.999999999817819,-7.999999999818065,-7.999999999818309,-7.999999999818553,-7.999999999818799,-7.999999999819041,-7.999999999819284,-7.9999999998195275,-7.999999999819771,-7.999999999820011,-7.999999999820253,-7.999999999820494,-7.999999999820735,-7.999999999820975,-7.999999999821217,-7.999999999821456,-7.999999999821693,-7.999999999821935,-7.999999999822172,-7.9999999998224105,-7.999999999822648,-7.999999999822886,-7.999999999823122,-7.999999999823359,-7.999999999823595,-7.999999999823832,-7.999999999824068,-7.999999999824305,-7.999999999824539,-7.999999999824772,-7.999999999825008,-7.99999999982524,-7.999999999825473,-7.9999999998257065,-7.999999999825939,-7.999999999826173,-7.999999999826409,-7.9999999998266516,-7.9999999998268985,-7.999999999827153,-7.999999999827411,-7.9999999998276765,-7.999999999827949,-7.999999999828228,-7.999999999828513,-7.999999999828808,-7.999999999829111,-7.99999999982942,-7.999999999829741,-7.999999999830068,-7.999999999830407,-7.999999999830758,-7.999999999831121,-7.999999999831495,-7.999999999831884,-7.999999999832286,-7.999999999832705,-7.99999999983314,-7.999999999833592,-7.999999999834067,-7.9999999998345634,-7.999999999835083,-7.999999999835632,-7.99999999983621,-7.999999999836822,-7.999999999837474,-7.999999999838168,-7.999999999838914,-7.999999999839714,-7.999999999840587,-7.999999999841543,-7.999999999842597,-7.999999999843777,-7.999999999845116,-7.99999999984667,-7.999999999848525,-7.999999999850312,-7.999999999852031,-7.9999999998536895,-7.999999999855287,-7.999999999856829,-7.999999999858309,-7.999999999859737,-7.9999999998611075,-7.999999999862428,-7.999999999863697,-7.999999999864915,-7.999999999866088,-7.999999999867209,-7.999999999868286,-7.999999999869317,-7.999999999870306,-7.999999999871251,-7.999999999872154,-7.999999999873015,-7.999999999873837,-7.99999999987462,-7.999999999875364,-7.999999999876072,-7.9999999998767395,-7.999999999877371,-7.999999999877966,-7.999999999878527,-7.999999999879055,-7.999999999879544,-7.999999999880002,-7.999999999880425,-7.999999999880816,-7.999999999881174,-7.9999999998815,-7.999999999881794,-7.999999999882056,-7.999999999882286,-7.999999999882485,-7.999999999882652,-7.99999999988279,-7.999999999882926,-7.999999999883062,-7.999999999883197,-7.999999999883335,-7.999999999883471,-7.999999999883607,-7.999999999883741,-7.999999999883878,-7.999999999884013,-7.999999999884146,-7.999999999884282,-7.999999999884417,-7.999999999884549,-7.999999999884685,-7.999999999884817,-7.9999999998849525,-7.999999999885085,-7.99999999988522,-7.999999999885354,-7.999999999885485,-7.999999999885619,-7.999999999885753,-7.999999999885884,-7.999999999886015,-7.99999999988615,-7.99999999988628,-7.999999999886414,-7.999999999886544,-7.999999999886675,-7.999999999886806,-7.999999999886939,-7.99999999988707,-7.9999999998872005,-7.999999999887332,-7.999999999887461,-7.999999999887592,-7.999999999887722,-7.999999999887852],"imag":[0.0,-8.470329472543003e-22,1.2705494208814505e-21,4.235164736271502e-22,8.470329472543003e-22,0.0,4.235164736271502e-22,0.0,-8.470329472543003e-22,-4.235164736271502e-22,-4.235164736271502e-22,0.0,4.235164736271502e-22,-8.470329472543003e-22,1.2705494208814505e-21,1.2705494208814505e-21,1.6940658945086007e-21,0.0,-8.470329472543003e-22,0.0,-8.470329472543003e-22,0.0,-4.235164736271502e-22,0.0,0.0,-1.2705494208814505e-21,4.235164736271502e-22,-4.235164736271502e-22,0.0,-4.235164736271502e-22,0.0,-8.470329472543003e-22,0.0,8.470329472543003e-22,8.470329472543003e-22,-1.2705494208814505e-21,-8.470329472543003e-22,-4.235164736271502e-22,4.235164736271502e-22,0.0,8.470329472543003e-22,0.0,-8.470329472543003e-22,1.2705494208814505e-21,-8.470329472543003e-22,4.235164736271502e-22,-4.235164736271502e-22,0.0,-4.235164736271502e-22,-1.2705494208814505e-21,-8.470329472543003e-22,1.2705494208814505e-21,1.2705494208814505e-21,1.2705494208814505e-21,0.0,0.0,-4.235164736271502e-22,-8.470329472543003e-22,4.235164736271502e-22,4.235164736271502e-22,0.0,8.470329472543003e-22,4.235164736271502e-22,0.0,0.0,0.0,-4.235164736271502e-22,-8.470329472543003e-22,-4.235164736271502e-22,-8.470329472543003e-22,8.470329472543003e-22,-8.470329472543003e-22,4.235164736271502e-22,4.235164736271502e-22,0.0,0.0,-4.235164736271502e-22,0.0,-8.470329472543003e-22,-4.235164736271502e-22,-4.235164736271502e-22,8.470329472543003e-22,4.235164736271502e-22,0.0,4.235164736271502e-22,0.0,-8.470329472543003e-22,-4.235164736271502e-22,-4.235164736271502e-22,-8.470329472543003e-22,4.235164736271502e-22,-4.235164736271502e-22,-8.470329472543003e-22,0.0,0.0,4.235164736271502e-22,4.235164736271502e-22,-4.235164736271502e-22,0.0,8.470329472543003e-22,0.0,-8.470329472543003e-22,0.0,1.6940658945086007e-21,0.0,8.470329472543003e-22,-8.470329472543003e-22,4.235164736271502e-22,0.0,4.235164736271502e-22,0.0,8.470329472543003e-22,4.235164736271502e-22,-4.235164736271502e-22,-4.235164736271502e-22,4.235164736271502e-22,8.470329472543003e-22,4.235164736271502e-22,-8.470329472543003e-22,-4.235164736271502e-22,-4.235164736271502e-22,4.235164736271502e-22,4.235164736271502e-22,0.0,4.235164736271502e-22,-8.470329472543003e-22,-8.470329472543003e-22,-4.235164736271502e-22,0.0,-8.470329472543003e-22,0.0,0.0,-4.235164736271502e-22,-8.470329472543003e-22,0.0,4.235164736271502e-22,0.0,8.470329472543003e-22,-4.235164736271502e-22,0.0,-4.235164736271502e-22,0.0,0.0,0.0,-4.235164736271502e-22,-4.235164736271502e-22,4.235164736271502e-22,-8.470329472543003e-22,0.0,0.0,1.2705494208814505e-21,0.0,0.0,-4.235164736271502e-22,-8.470329472543003e-22,0.0,-4.235164736271502e-22,4.235164736271502e-22,4.235164736271502e-22,0.0,0.0,8.470329472543003e-22,0.0,4.235164736271502e-22,4.235164736271502e-22,-8.470329472543003e-22,8.470329472543003e-22,0.0,0.0,4.235164736271502e-22,8.470329472543003e-22,0.0,4.235164736271502e-22,-4.235164736271502e-22,-4.235164736271502e-22,-8.470329472543003e-22,-4.235164736271502e-22,0.0,8.470329472543003e-22,4.235164736271502e-22,0.0,4.235164736271502e-22,-8.470329472543003e-22,0.0,-4.235164736271502e-22,-4.235164736271502e-22,4.235164736271502e-22,8.470329472543003e-22,0.0,-8.470329472543003e-22,4.235164736271502e-22,0.0,0.0,0.0,0.0,0.0,-1.2705494208814505e-21,-8.470329472543003e-22,4.235164736271502e-22,8.470329472543003e-22]},