{"Energy":{"iters":[0,1,2,3,4,5,6,7,8,9,10,11,12,13,14,15,16,17,18,19,20,21,22,23,24,25,26,27,28,29,30,31,32,33,34,35,36,37,38,39,40,41,42,43,44,45,46,47,48,49,50,51,52,53,54,55,56,57,58,59,60,61,62,63,64,65,66,67,68,69,70,71,72,73,74,75,76,77,78,79,80,81,82,83,84,85,86,87,88,89,90,91,92,93,94,95,96,97,98,99,100,101,102,103,104,105,106,107,108,109,110,111,112,113,114,115,116,117,118,119,120,121,122,123,124,125,126,127,128,129,130,131,132,133,134,135,136,137,138,139,140,141,142,143,144,145,146,147,148,149,150,151,152,153,154,155,156,157,158,159,160,161,162,163,164,165,166,167,168,169,170,171,172,173,174,175,176,177,178,179,180,181,182,183,184,185,186,187,188,189,190,191,192,193,194,195,196,197,198,199],"Mean":{"real":[-7.568240247691124,-7.888104180409179,-8.207258742132883,-8.52773976966887,-8.85146471338787,-9.180058634511148,-9.514693433004156,-9.8559538517406,-10.203739792695151,-10.557215505445779,-10.914815025150856,-11.274306506542924,-11.632913836347296,-11.98748617931805,-12.3346988441849,-12.671264482007814,-12.994131763564956,-13.300652431095848,-13.588701943986148,-13.856747566429547,-14.10386458008571,-14.329707656898576,-14.534448315863148,-14.718690961957265,-14.883379247871133,-15.029702511116675,-15.159009369574186,-15.272732839744403,-15.372328999542972,-15.459229432805559,-15.534806476406995,-15.600349695136762,-15.657051480394703,-15.705999992964948,-15.748177569423683,-15.784463067487765,-15.815636866721121,-15.842387555039446,-15.865319507385024,-15.884960815640024,-15.901771174834224,-15.9161494629895,-15.928440849679433,-15.938943341498229,-15.94791372439435,-15.955572898610292,-15.962110626111748,-15.967689724564273,-15.972449750890252,-15.976510220671553,-15.979973410729077,-15.982926790664916,-15.985445126598966,-15.987592297045534,-15.989422857236145,-15.990983384499842,-15.9923136337407,-15.99344752862282,-15.994414010993673,-15.995237768199997,-15.99593985537394,-15.996538227587234,-15.997048194651843,-15.997482809638047,-15.9978532006836,-15.998168854177674,-15.998437856693954,-15.998667100935531,-15.998862462083483,-15.999028947471611,-15.999170825125908,-15.999291732477838,-15.999394769629188,-15.999482578678778,-15.999557411373349,-15.999621186778601,-15.999675540438236,-15.99972186627545,-15.999761352306248,-15.999795011076692,-15.999823705601539,-15.99984817146726,-15.999869068851146,-15.999886925982848,-15.999902192952593,-15.999915253243103,-15.999926433555927,-15.999936012185156,-15.999944226153904,-15.999951277297608,-15.99995733745075,-15.999962552870553,-15.99996704801121,-15.999970928745263,-15.99997428511399,-15.999977193676438,-15.999979719515828,-15.99998191795338,-15.999983836011786,-15.999985513664285,-15.999986984900094,-15.99998827863223,-15.99998941947024,-15.999990428377231,-15.999991323227754,-15.999992119280966,-15.999992829581533,-15.999993465299003,-15.999994036014868,-15.999994549965427,-15.99999501424718,-15.999995434990746,-15.999995817508426,-15.999996166419713,-15.999996485758677,-15.999996779066663,-15.9999970494734,-15.999997299769824,-15.999997532476016,-15.999997749908903,-15.999997954256344,-15.999998147669604,-15.999998312816729,-15.999998454592767,-15.999998576949592,-15.999998683089533,-15.999998775617783,-15.999998856662613,-15.999998927970054,-15.999998990979003,-15.999999046880433,-15.999999096664622,-15.999999141158636,-15.999999181056284,-15.999999216942143,-15.999999249310871,-15.999999278582731,-15.999999305116262,-15.999999329218493,-15.999999351153331,-15.99999937114843,-15.99999938940082,-15.999999406081539,-15.999999421339547,-15.9999994353049,-15.999999448091422,-15.999999459798984,-15.999999470515359,-15.99999948031782,-15.999999489274511,-15.999999497445522,-15.999999504883913,-15.999999511636528,-15.99999951774466,-15.99999952324471,-15.999999528168638,-15.999999532544418,-15.999999536396443,-15.999999539745787,-15.99999954261052,-15.999999545005881,-15.999999546944528,-15.999999548868885,-15.9999995507791,-15.999999552675318,-15.999999554557673,-15.999999556426303,-15.999999558281349,-15.999999560122932,-15.999999561951206,-15.999999563766274,-15.999999565568293,-15.999999567357374,-15.999999569133648,-15.99999957089724,-15.99999957264827,-15.999999574386866,-15.999999576113144,-15.999999577827218,-15.999999579529218,-15.99999958121925,-15.999999582897438,-15.99999958456388,-15.999999586218696,-15.999999587862007,-15.999999589493903,-15.99999959111451,-15.999999592723924,-15.99999959432225,-15.999999595909596,-15.99999959748607,-15.999999599051769,-15.999999600606788,-15.999999602151233,-15.999999603685206,-15.9999996052088,-15.999999606722108,-15.999999608225226,-15.999999609718255,-15.99999961120128],