{"Energy":{"iters":[0,1,2,3,4,5],"Mean":{"real":[-59.70711647621124,-59.71612959541021,-59.721707410569465,-59.731683462818914,-59.75027458333092,null],"imag":[-0.002582088463506705,-0.00449926961690625,0.005411619899989836,0.0001545843245702031,0.002072352352879116,null]},"Variance":[20.867147426753725,20.791797582593727,20.718903823534376,20.705516026067187,20.488561209088473,null],"Sigma":[0.14114837654102522,0.14112416309226622,0.1410801951582506,0.1411807760449237,0.14057109073642843,null],"R_hat":[1.3844486371067848,1.3855356752161234,1.386478555820591,1.3871675471723761,1.3878071881924579,null],"TauCorr":[7.321294410299686,7.346946001963635,7.369647373108815,7.385968077508546,7.400789870622378,null]},"times":{"sampling":{"iters":[0,1,2,3,4,5],"value":[0.8790292739868164,0.8773272037506104,0.8778140544891357,0.8776957988739014,0.8779919147491455,0.8774697780609131]},"expect_grad":{"iters":[0,1,2,3,4,5],"value":[0.05670046806335449,0.055213212966918945,0.05500674247741699,0.05513596534729004,0.05499696731567383,0.05520772933959961]},"sr":{"iters":[0,1,2,3,4,5],"value":[1.7266006469726562,1.7783539295196533,1.804739236831665,1.8747477531433105,1.746509313583374,0.012559175491333008]},"p_update":{"iters":[0,1,2,3,4,5],"value":[0.15741395950317383,0.0014529228210449219,0.0006275177001953125,0.00039577484130859375,0.0003917217254638672,0.00039076805114746094]},"total":{"iters":[0,1,2,3,4,5],"value":[2.819744348526001,2.7123472690582275,2.738187551498413,2.8079752922058105,2.6798899173736572,0.9456274509429932]}},"acceptance_rate":{"iters":[0,1,2,3,4,5],"value":[0.20696945190429689,0.20785484313964844,0.20812034606933594,0.20867233276367186,0.2087482452392578,0.20894622802734375]},"n_params":{"iters":[1],"value":[686]}}