{"Energy":{"iters":[0,1,2,3],"Mean":{"real":[-58.556236193400245,-58.59038781792225,-58.60694394974739,null],"imag":[0.004297773610395822,0.005084971688534727,-0.004401068492321775,null]},"Variance":[23.05456580951336,23.077150703227563,22.811644038972535,null],"Sigma":[0.14583849605666688,0.146535103018989,0.14619571226126538,null],"R_hat":[1.3733537478071882,1.376041354015036,1.378411353466532,null],"TauCorr":[7.057485981177054,7.122388941703573,7.175428466968263,null]},"times":{"sampling":{"iters":[0,1,2,3],"value":[0.8800289630889893,0.8782227039337158,0.8785364627838135,0.880333662033081]},"expect_grad":{"iters":[0,1,2,3],"value":[0.05596923828125,0.055296897888183594,0.055274009704589844,0.05565690994262695]},"sr":{"iters":[0,1,2,3],"value":[1.53987455368042,1.530916452407837,1.5245189666748047,0.012819290161132812]},"p_update":{"iters":[0,1,2,3],"value":[0.15321040153503418,0.0013086795806884766,0.0003879070281982422,0.0004184246063232422]},"total":{"iters":[0,1,2,3],"value":[2.6290831565856934,2.465744733810425,2.4587173461914062,0.9492282867431641]}},"acceptance_rate":{"iters":[0,1,2,3],"value":[0.22373924255371094,0.2243793487548828,0.22526321411132813,0.22683753967285156]},"n_params":{"iters":[1],"value":[686]}}