{"Energy":{"iters":[0,1,2,3,4,5,6,7,8,9,10,11,12,13,14],"Mean":{"real":[-60.198463474639894,-60.19106646591539,-60.21342587544399,-60.22015208628511,-60.22810099076396,-60.23143373459817,-60.24030115659758,-60.24631918971641,-60.25593286022746,-60.259294164234575,-60.26648418519905,-60.26506590214408,-60.265023266232205,-60.26866674055199,null],"imag":[-0.004197897559981355,0.0053771178627785715,-0.002717348757325139,-0.00088926953491891,-0.0044467759482697145,-0.0013363991575528426,-0.003064614772889029,0.001973659187495643,-0.0014040429465350668,-0.000200256618375554,-0.003275326387267786,-0.001179808702924466,0.001569941324205793,0.0012778519310847176,null]},"Variance":[21.983686383893897,21.799333161654936,21.739521369643462,21.72339634078385,21.692008915338768,21.70109013527272,21.627892806656245,21.618464695578695,21.621177399532293,21.55858672679601,21.588914384203132,21.59584900009886,21.562672355455835,21.56925446966801,null],"Sigma":[0.14492365343639732,0.1445488772059445,0.14451149508200722,0.14458320600542363,0.14461108045405013,0.14476430562638407,0.1446196179280368,0.1446550982547368,0.14472575160922355,0.1445909708109019,0.14472458605932445,0.1447803052205073,0.14471360461661514,0.14476511362262173,null],"R_hat":[1.3846960460207471,1.3857466029041876,1.386510317942062,1.3870871187552567,1.3876809528425318,1.3882335786071465,1.3886737996429033,1.3889923022463144,1.3892917412333166,1.3896117566152801,1.3897536421060521,1.3899191635228378,1.3901109453989147,1.3902584919024357,null],"TauCorr":[7.326506880636102,7.351925675880959,7.369456766884764,7.3831160306660335,7.397566859326709,7.410999843832753,7.4219145737255365,7.429258656113862,7.436010447094763,7.444233556122973,7.447742204277772,7.451309110323501,7.456207158107751,7.459442332058678,null]},"times":{"sampling":{"iters":[0,1,2,3,4,5,6,7,8,9,10,11,12,13,14],"value":[0.8795413970947266,0.8791649341583252,0.8788518905639648,0.878387451171875,0.8784341812133789,0.8783855438232422,0.8786630630493164,0.8782486915588379,0.8788981437683105,0.8784744739532471,0.8786447048187256,0.8785269260406494,0.878730297088623,0.8779728412628174,0.8787722587585449]},"expect_grad":{"iters":[0,1,2,3,4,5,6,7,8,9,10,11,12,13,14],"value":[0.05575442314147949,0.05646681785583496,0.05575394630432129,0.05537557601928711,0.05528521537780762,0.05545306205749512,0.05531501770019531,0.05543351173400879,0.05615496635437012,0.05558466911315918,0.055274009704589844,0.0552973747253418,0.055275917053222656,0.055391550064086914,0.0553288459777832]},"sr":{"iters":[0,1,2,3,4,5,6,7,8,9,10,11,12,13,14],"value":[1.8435592651367188,1.791212558746338,1.4755852222442627,1.465482234954834,1.4380505084991455,1.4863147735595703,1.4348409175872803,1.7411296367645264,1.77827787399292,1.4345171451568604,1.7192933559417725,1.454728126525879,1.394869089126587,1.4197659492492676,0.012543916702270508]},"p_update":{"iters":[0,1,2,3,4,5,6,7,8,9,10,11,12,13,14],"value":[0.15875554084777832,0.0012974739074707031,0.000396728515625,0.00040078163146972656,0.00039267539978027344,0.00040149688720703125,0.0004341602325439453,0.0004096031188964844,0.0005664825439453125,0.00045108795166015625,0.00039887428283691406,0.0004055500030517578,0.0004017353057861328,0.00039696693420410156,0.0004112720489501953]},"total":{"iters":[0,1,2,3,4,5,6,7,8,9,10,11,12,13,14],"value":[2.937610626220703,2.7281417846679688,2.410587787628174,2.399646043777466,2.3721625804901123,2.4205548763275146,2.369253158569336,2.6752214431762695,2.713897466659546,2.3690273761749268,2.653610944747925,2.388957977294922,2.3292770385742188,2.353527307510376,0.9470562934875488]}},"acceptance_rate":{"iters":[0,1,2,3,4,5,6,7,8,9,10,11,12,13,14],"value":[0.19539947509765626,0.1957569122314453,0.19564208984375,0.19628639221191407,0.19657936096191406,0.19577064514160156,0.1966724395751953,0.19702606201171874,0.19667701721191405,0.19720115661621093,0.1971973419189453,0.19738502502441407,0.19718551635742188,0.19675254821777344,0.1975189208984375]},"n_params":{"iters":[1],"value":[686]}}