{"Energy":{"iters":[0,1,2,3,4,5,6,7,8,9,10,11,12,13,14,15,16,17,18,19,20,21,22,23,24,25,26,27,28,29,30,31,32,33,34,35,36,37,38,39,40],"Mean":{"real":[-59.51125788589957,-59.51907601588654,-59.54176808105922,-59.55159524995503,-59.565942476945175,-59.583650379365736,-59.601875998117556,-59.595460211493034,-59.60330063843432,-59.61698593793044,-59.62037643936602,-59.62418342542107,-59.63120370812085,-59.632215299756595,-59.63303209667968,-59.635583804216864,-59.64523753073511,-59.657141846267194,-59.65656857960668,-59.659078489057514,-59.65745605948479,-59.66017988726031,-59.660183741998665,-59.66372482684389,-59.6638614475443,-59.66262304336712,-59.6608584401275,-59.662423541300114,-59.66455642913316,-59.66384352524712,-59.66235646471826,-59.66397158515494,-59.66364623071858,-59.66631866944263,-59.66677673870737,-59.66555384866359,-59.66575295437351,-59.665560334845615,-59.66550464609117,-59.66553839229567,null],"imag":[-0.00783926038469721,0.0020844676420563395,0.003951684237440403,0.0012548180663067886,0.000540644021796257,-0.0004353884434105714,0.0024382275237463925,-0.0026716945958495508,-0.004709514121166774,-0.002521115133571459,-0.0015458954344229297,0.001721211539257323,-0.00048251966380474505,-0.0003694375366481386,-0.0008163874664701944,0.001242222857042588,0.0022526923380872792,-0.0007368879107914538,-0.0013935273607731927,0.001951983612364146,0.0006452031662905718,0.001162333679204532,-0.0014841360202658568,0.0008568256237924947,0.00010664275196226492,-0.0013344282924228257,-0.0005926304995056415,-0.00024375065173262635,0.00001548364615826009,0.00021018783040622466,-0.0005206656197693702,-0.0012857481611015487,0.0004158675812495314,0.0003029201949231455,0.00018234552513960014,-0.00003703064973112856,-0.0002992141724356311,-0.00038710713519260205,-0.0004219518530293426,0.0003315765700062413,null]},"Variance":[22.018402895240126,21.89123450751071,21.83005225982432,21.80159387862657,21.647404439132288,21.62744942540819,21.439706368150393,21.484500423857575,21.353651171669547,21.358058133801162,21.344353684017086,21.257753256538827,21.279695890724184,21.174206474023936,21.229361498115505,21.217221941404187,21.245879792683,21.207926811737583,21.201964778614688,21.18464474584829,21.18791676935061,21.15596046032755,21.16170009326013,21.17715858345242,21.135763816767017,21.147515638761476,21.15856951846328,21.134686407540386,21.152248809266407,21.135223000917087,21.142701148632867,21.149041523041976,21.137342400438612,21.13986264404992,21.126017410261174,21.128493968819946,21.110390904632784,21.130121822640618,21.139028265065665,21.136398324012863,null],"Sigma":[0.14322243812254515,0.14328687468784337,0.1434921300529848,0.1437235379462051,0.14347194876203445,0.14370965357847484,0.14327353690457173,0.14361808449178537,0.1433431917484357,0.14350257683461634,0.14357125956770564,0.1433620647323981,0.14353625079072904,0.1432462070904299,0.14347482726637917,0.14350100384960804,0.14364555581849783,0.14355956274245488,0.14357725403910124,0.14354387284686276,0.14358352882817876,0.14349854955219243,0.1435345485456298,0.1435992584786274,0.14347825248944948,0.14353117230981846,0.14357486018976284,0.1435072675236892,0.14357173347692648,0.14352061653145518,0.1435550122158494,0.14357548760162497,0.1435415243974759,0.14355654443136712,0.14351181723437711,0.1435270428460826,0.143465630659131,0.14353327041820932,0.1435652648223786,0.14355936741527336,null],"R_hat":[1.3764969643407698,1.3786862976811718,1.3804919302145404,1.3819788888370443,1.383260726939989,1.3845037993258007,1.3854056354005853,1.3862957079883773,1.3870283087660087,1.3877130383217435,1.3882468869559392,1.3886202381868207,1.389068466931632,1.3893794048937707,1.389576179941668,1.3898972219400845,1.3901091445942666,1.3902991395400452,1.3904819307140042,1.390597142154155,1.3907274112914658,1.3908415482028995,1.3909089687043805,1.3909719188480307,1.3910623968983928,1.3911204164323632,1.3911534975764763,1.391214098550338,1.3912362684394062,1.391266734140833,1.3913064264287556,1.391302302773391,1.3913310876186258,1.3913651870722474,1.3913702481973802,1.3913997139772392,1.3914024130889233,1.391404816717075,1.391415018388922,1.3914294294835654,null],"TauCorr":[7.1317872406883644,7.183029674213773,7.226651655978694,7.261711517485202,7.28965291392821,7.322697263805749,7.343376721398847,7.364714180747579,7.382644498169479,7.398553763817556,7.411192568903346,7.4202898665188695,7.431361097031735,7.438694011270889,7.443363416335365,7.4508086699082545,7.456088619360724,7.460786585302663,7.464987911972438,7.467793626891509,7.470965525146353,7.473559138566308,7.475396506803589,7.476762276678924,7.478920784571449,7.480370469297326,7.481057597140343,7.48255511737805,7.483094778275661,7.483837553272441,7.484839545606398,7.484722981382379,7.485363112572103,7.486082164935016,7.4863371034169575,7.487095473230178,7.487105333280023,7.487173225872919,7.487367686043863,7.487705249116793,null]},"times":{"sampling":{"iters":[0,1,2,3,4,5,6,7,8,9,10,11,12,13,14,15,16,17,18,19,20,21,22,23,24,25,26,27,28,29,30,31,32,33,34,35,36,37,38,39,40],"value":[0.8787312507629395,0.8788158893585205,0.8769705295562744,0.8790044784545898,0.8779666423797607,0.8791275024414062,0.9144532680511475,0.8790442943572998,0.8770289421081543,0.8793468475341797,0.8769586086273193,0.8793196678161621,0.8774828910827637,0.8790559768676758,0.8771181106567383,0.879152774810791,0.876960039138794,0.8787722587585449,0.8768324851989746,0.879127025604248,0.87727952003479,0.8793246746063232,0.8777298927307129,0.879448413848877,0.8777222633361816,0.8790171146392822,0.8777556419372559,0.8792026042938232,0.8775599002838135,0.8789553642272949,0.8775720596313477,0.8795437812805176,0.9056661128997803,0.8789548873901367,0.8771283626556396,0.8796460628509521,0.8776679039001465,0.8789472579956055,0.8774449825286865,0.879021167755127,0.8773396015167236]},"expect_grad":{"iters":[0,1,2,3,4,5,6,7,8,9,10,11,12,13,14,15,16,17,18,19,20,21,22,23,24,25,26,27,28,29,30,31,32,33,34,35,36,37,38,39,40],"value":[0.055884599685668945,0.055413007736206055,0.055350542068481445,0.0552220344543457,0.05577898025512695,0.0553891658782959,0.05535173416137695,0.055394649505615234,0.05529332160949707,0.05530571937561035,0.05536460876464844,0.05527162551879883,0.05536842346191406,0.055323123931884766,0.055362701416015625,0.05528450012207031,0.05536222457885742,0.05533170700073242,0.05544614791870117,0.05528378486633301,0.055357933044433594,0.05548238754272461,0.05538821220397949,0.055634260177612305,0.05535268783569336,0.05530977249145508,0.055726051330566406,0.05562615394592285,0.05542898178100586,0.05541372299194336,0.05533456802368164,0.05533409118652344,0.06759142875671387,0.05527520179748535,0.05533719062805176,0.05530834197998047,0.05541181564331055,0.05525374412536621,0.05532693862915039,0.05530834197998047,0.05544137954711914]},"sr":{"iters":[0,1,2,3,4,5,6,7,8,9,10,11,12,13,14,15,16,17,18,19,20,21,22,23,24,25,26,27,28,29,30,31,32,33,34,35,36,37,38,39,40],"value":[1.2497508525848389,1.295037031173706,1.2374608516693115,1.2522339820861816,1.5375456809997559,1.5333671569824219,1.2546441555023193,1.280184030532837,1.2562189102172852,1.266843557357788,1.2901525497436523,1.3034491539001465,1.3049802780151367,1.3141300678253174,1.3111085891723633,1.3086111545562744,1.2831685543060303,1.3076136112213135,1.3095364570617676,1.2920923233032227,1.3402214050292969,1.3697032928466797,1.3403916358947754,1.3611257076263428,1.3373148441314697,1.4025242328643799,1.3763766288757324,1.3614578247070312,1.3816006183624268,1.4350459575653076,1.3317995071411133,1.395078182220459,1.3995013236999512,1.411897897720337,1.4145240783691406,1.403635025024414,1.3955497741699219,1.424574851989746,1.3794281482696533,1.388108730316162,0.01264333724975586]},"p_update":{"iters":[0,1,2,3,4,5,6,7,8,9,10,11,12,13,14,15,16,17,18,19,20,21,22,23,24,25,26,27,28,29,30,31,32,33,34,35,36,37,38,39,40],