{"Energy":{"iters":[0,1],"Mean":{"real":[-60.04110737480126,null],"imag":[-0.0050599529810980495,null]},"Variance":[21.28842973025717,null],"Sigma":[0.14225660315787148,null],"R_hat":[1.3830922118202376,null],"TauCorr":[7.287376708192437,null]},"times":{"sampling":{"iters":[0,1],"value":[0.8792130947113037,0.8787200450897217]},"expect_grad":{"iters":[0,1],"value":[0.05692911148071289,0.05543088912963867]},"sr":{"iters":[0,1],"value":[1.7313170433044434,0.012494325637817383]},"p_update":{"iters":[0,1],"value":[0.15937018394470215,0.0012581348419189453]},"total":{"iters":[0,1],"value":[2.826829433441162,0.9479033946990967]}},"acceptance_rate":{"iters":[0,1],"value":[0.19583396911621093,0.19620132446289062]},"n_params":{"iters":[1],"value":[686]}}