{"Energy":{"iters":[0,1,2,3,4,5,6,7],"Mean":{"real":[-59.78597802807177,-59.81228617305234,-59.833758949853035,-59.851497204717205,-59.87483334897115,-59.874273110885206,-59.88483151656085,null],"imag":[-0.001960634129636251,0.006708761656078826,-0.0009013760781985966,0.0018678700367165471,0.0008666869477949341,-0.0024896562645570757,0.003453329760078515,null]},"Variance":[22.7964673271168,22.48337222877388,22.34218773025819,22.184193768016144,22.19303366559128,22.13420641796625,21.994751418274582,null],"Sigma":[0.14605206524280356,0.14539573748851667,0.1453252492309012,0.14512203518639444,0.1454330611529641,0.14545974868605094,0.14518498754286896,null],"R_hat":[1.377934531741533,1.3794861463695811,1.3812302378020325,1.382649749370918,1.3839067259814006,1.3848759505501387,1.3857327697375363,null],"TauCorr":[7.165452505962919,7.202502400824626,7.24366220485077,7.277016390851352,7.307276538865731,7.330899559671597,7.350807142826626,null]},"times":{"sampling":{"iters":[0,1,2,3,4,5,6,7],"value":[0.8775486946105957,0.8770389556884766,0.8777158260345459,0.8772416114807129,0.8772032260894775,0.8771862983703613,0.8771994113922119,0.8769335746765137]},"expect_grad":{"iters":[0,1,2,3,4,5,6,7],"value":[0.055658578872680664,0.05535078048706055,0.055791616439819336,0.05534005165100098,0.055268287658691406,0.05518150329589844,0.055380821228027344,0.05531191825866699]},"sr":{"iters":[0,1,2,3,4,5,6,7],"value":[1.8379542827606201,1.5268447399139404,1.66693115234375,1.7403109073638916,1.758979082107544,1.7795941829681396,1.4243273735046387,0.012878656387329102]},"p_update":{"iters":[0,1,2,3,4,5,6,7],"value":[0.15134096145629883,0.0013113021850585938,0.0003914833068847656,0.00038886070251464844,0.0003972053527832031,0.0003962516784667969,0.0003898143768310547,0.0003905296325683594]},"total":{"iters":[0,1,2,3,4,5,6,7],"value":[2.9225025177001953,2.460545778274536,2.600830078125,2.67328143119812,2.691847801208496,2.712358236312866,2.357297420501709,0.9455146789550781]}},"acceptance_rate":{"iters":[0,1,2,3,4,5,6,7],"value":[0.19509468078613282,0.1952136993408203,0.19656219482421874,0.1966869354248047,0.1972789764404297,0.19733238220214844,0.19825401306152343,0.19830093383789063]},"n_params":{"iters":[1],"value":[686]}}