{"Energy":{"iters":[0,1,2,3,4,5,6,7,8,9,10,11,12,13,14,15,16,17,18,19,20,21,22,23,24,25,26,27,28,29,30,31,32,33,34,35,36,37,38,39,40,41,42,43,44,45,46,47,48,49,50,51,52,53,54,55,56,57,58,59,60,61,62,63,64,65,66,67,68,69,70,71,72,73,74,75,76,77,78,79,80,81,82,83,84,85,86,87,88,89,90,91,92,93,94,95,96,97,98,99,100,101,102,103,104,105,106,107,108,109,110,111,112,113,114,115,116,117,118,119,120,121,122,123,124,125,126,127,128,129,130,131,132,133,134,135,136,137,138,139,140,141,142,143,144,145,146,147,148,149,150,151,152,153,154,155,156,157,158,159,160,161,162,163,164,165,166,167,168,169,170,171,172,173,174,175,176,177,178,179,180,181,182,183,184,185,186,187,188,189,190,191,192,193,194,195,196,197,198,199],"Mean":{"real":[-8.7552477389434,-8.93508718882686,-9.114956955306887,-9.29471548655702,-9.474221313081706,-9.653333968147312,-9.831914293152185,-10.009824814783977,-10.186930344188767,-10.363097880058213,-10.538198009716616,-10.71210538581382,-10.884699636930428,-11.055866406339852,-11.225498433531799,-11.393496736035264,-11.559771679065621,-11.724244189707191,-11.8868467443864,-12.047524342495342,-12.206235031973886,-12.362950490115168,-12.517655950445274,-12.67034996279657,-12.82104371405466,-12.96975993593505,-13.116531547064929,-13.261399813971202,-13.404412161869576,-13.545619829641794,-13.685075358288909,-13.822829876330598,-13.958930438994875,-14.093417427776618,-14.226322070292657,-14.357664272899946,-14.487450771373599,-14.61567363941967,-14.742309157726007,-14.867317982908016,-14.990644436930223,-15.11221732977007,-15.231951030247277,-15.349747015725038,-15.46549584005027,-15.579079455172971,-15.690373793104417,-15.7992515382578,-15.905584969443229,-16.009248798019527,-16.11012289366952,-16.208094832102276,-16.303062177646737,-16.394934448944618,-16.483634735212615,-16.56910091858028,-16.651286524680234,-16.730161181473967,-16.805710687150913,-16.877936794777092,-16.9468567035213,-17.0125021012026,-17.07491830387964,-17.134163048243828,-17.190305216377546,-17.24342347130275,-17.293604872774985,-17.340943502656813,-17.385539119339192,-17.427495868621286,-17.46692106984255,-17.50392406481071,-17.5386152768077,-17.571105212637526,-17.601503675810044,-17.629919058086355,-17.65645773311282,-17.681223545754662,-17.704317343070013,-17.725836668105988,-17.74587574530561,-17.764524690217403,-17.7818697353377,-17.797993231163325,-17.812973636973247,-17.826885377636447,-17.839798999451414,-17.851781082252327,-17.86289450388611,-17.87319849549675,-17.882748767427373,-17.89159764345858,-17.89979420113854,-17.90738441638097,-17.914411310640226,-17.920915099019478,-17.926933337756342,-17.93250106978096,-17.937650967323123,-17.94241347478917,-17.94681692878042,-17.950887703818363,-17.954650328986283,-17.95812760548568,-17.961340718372128,-17.964309342385587,-17.967051741927104,-17.969584865332628,-17.97192443362009,-17.974085023908717,-17.976080147750924,-17.977922324626025,-17.979623150839856,-17.981193364062435,-17.982642903731342,-17.983980967539193,-17.98521606419391,-17.986356062609097,-17.9874082376312,-17.988379312316983,-17.989275495454187,-17.99010251889384,-17.990865907084114,-17.991570521279602,-17.992220858197925,-17.992821076304857,-17.993375020291943,-17.993886243888497,-17.994358031130773,-17.99479341619039,-17.995195201851466,-17.995565976717334,-17.995908131634984,-17.99622387326285,-17.996515239294958,-17.996784110792966,-17.997032224084183,-17.997261181786268,-17.997472463017502,-17.99766743284753,-17.997847351037112,-17.998013380126025,-17.998166593050506,-17.998307979599243,-17.998438453254998,-17.998558856951384,-17.99866996847974,-17.998772505530688,-17.998867130336805,-17.998954453952543,-17.99903504021231,-17.999109409372814,-17.999178041486584,-17.999241379508785,-17.999299832163636,-17.99935377659243,-17.99940356079521,-17.999449505884296,-17.99949190816324,-17.999531041045188,-17.999567156822884,-17.999600488301674,-17.99963125030626,-17.999659641070735,-17.999685843521263,-17.99971002645937,-17.99973234565681,-17.99975294485275,-17.99977195669421,-17.999789503589454,-17.999805698499166,-17.999820645666315,-17.99983444128968,-17.99984717414514,-17.999858926159163,-17.999869772937785,-17.99987978425424,-17.99988902450025,-17.999897553100684,-17.999905424898543,-17.999912690504495,-17.99991939662887,-17.999925586379394,-17.99993129954129,-17.999936572835104,-17.999941440139036,-17.99994593273565,-17.99995007948379,-17.99995390702434,-17.99995743994355,-17.99996070093322,-17.99996371093527,-17.99996648927919,-17.99996905380455,-17.999971420976607,-17.999973605992032,-17.9999756228768,-17.999977484576416,-17.999979203039217,-17.999980789293218],