{"Energy":{"iters":[0,1,2,3,4,5,6,7,8,9,10,11,12,13,14,15,16,17,18,19,20,21,22,23,24,25,26,27,28,29,30,31,32,33,34,35,36,37,38,39,40,41,42,43,44,45,46,47,48,49,50,51,52,53,54,55,56,57,58,59,60,61,62,63,64,65,66,67,68,69,70,71,72,73,74,75,76,77,78,79,80,81,82,83,84,85,86,87,88,89,90,91,92,93,94,95,96,97,98,99,100,101,102,103,104,105,106,107,108,109,110,111,112,113,114,115,116,117,118,119,120,121,122,123,124,125,126,127,128,129,130,131,132,133,134,135,136,137,138,139,140,141,142,143,144,145,146,147,148,149,150,151,152,153,154,155,156,157,158,159,160,161,162,163,164,165,166,167,168,169,170,171,172,173,174,175,176,177,178,179,180,181,182,183,184,185,186,187,188,189,190,191,192,193,194,195,196,197,198,199],"Mean":{"real":[-8.992809306037131,-8.993384222069022,-8.993912358647503,-8.99439765292599,-8.994843691257971,-8.995253743698942,-8.995630794562345,-8.995977569686206,-8.996296560929135,-8.996590048050022,-8.99686011864295,-8.997108685893458,-8.997337505105834,-8.997548188902329,-8.997742221483144,-8.997920972882522,-8.998085713634413,-8.998237632071085,-8.998377857384838,-8.998507496922336,-8.99862770804631,-8.99873986424055,-8.998846014096497,-8.99895044760238,-8.999066787832753,-8.999266890587785,-9.000319003029905,-9.016532192900959,-9.045413291609318,-9.068665378295254,-9.090943165367865,-9.115846721328563,-9.181646125457245,-9.226192799971582,-9.275469162636158,-9.387939678970511,-9.476969335384872,-9.571042427458178,-9.679727362824588,-9.785937957488827,-9.889689411271384,-9.99164324171998,-10.09206538459549,-10.191182556290354,-10.289637442153872,-10.390630938660767,-10.5050256572522,-10.621766398984175,-10.736774705941597,-10.85159071424952,-10.975875212106128,-11.110965649478425,-11.241647861010282,-11.369536581338327,-11.49504336267719,-11.618317569019798,-11.739417197928647,-11.858358342900587,-11.975138486468952,-12.089749161939183,-12.202181964542577,-12.312430126830098,-12.420488375430832,-12.526352887239566,-12.630021241509372,-12.731492454376387,-12.830767251677042,-12.927848126811105,-13.022739509805989,-13.115447770387064,-13.205981305582231,-13.294350561199394,-13.380568021575094,-13.46464828789365,-13.546607948474627,-13.626465577351954,-13.704241711125903,-13.779958691096327,-13.853640608740301,-13.925313162505933,-13.995003567220076,-14.062740426724062,-14.128554114950022,-14.192475624706958,-14.254537008788002,-14.314771169235549,-14.373211906972866,-14.429893716428262,-14.484851627527174,-14.538121279117602,-14.589738622568518,-14.639739981765452,-14.688161908092049,-14.735040979846445,-14.780413996918538,-14.824317613618138,-14.866788470631233,-14.907863071806577,-14.947577659158856,-14.98596823300223,-15.023070478552643,-15.058919718884678,-15.093550864837518,-15.126998382501847,-15.15929625900532,-15.190477967397383,-15.220576435861904,-15.24962403011845,-15.277652528490048,-15.30469310153408,-15.330776298485242,-15.355932037565927,-15.380189586369927,-15.403577562316102,-15.426123922760388,-15.447855959072463,-15.468800301135596,-15.488982911206922,-15.508429082856315,-15.527163450606889,-15.545209991490426,-15.562592025616164,-15.579332061603594,-15.595452148317268,-15.61097369986425,-15.62591750636983,-15.64030374352288,-15.654151982554426,-15.667481195967795,-15.680309779394022,-15.692655548461502,-15.704535764817624,-15.715967137865198,-15.726965845380978,-15.737547536156349,-15.747727350760524,-15.757519929045628,-15.76693942624157,-15.775999521919701,-15.784713436687406,-15.793093940101818,-15.801153367668732,-15.808903628199664,-15.81635621847926,-15.823522235184688,-15.830412395081458,-15.837037027233247,-15.843406095868808,-15.84952921962703,-15.855415667782463,-15.861074378164318,-15.86651396830941,-15.871742744526713,-15.876768711136496,-15.881599584611997,-15.88624279073687,-15.890705494441672,-15.894994591230859,-15.899116721740725,-15.903078285273459,-15.906885438687723,-15.910544112518776,-15.91406001443936,-15.917438642282109,-15.92068528582876,-15.92380504036879,-15.926802801224607,-15.929683287547338,-15.932451033159348,-15.935110405668661,-15.93766560569997,-15.940120674829945,-15.942479498886712,-15.94474581691253,-15.946923225269492,-15.949015182811536,-15.951025016251307,-15.952955924546877,-15.95481098435488,-15.95659315378295,-15.958305277292734,-15.959950089850008,-15.961530220989681,-15.963048198944943,-15.964506454147141,-15.96590732313226,-15.96725305197436,-15.96854580015183,-15.969787642630902,-15.970980574067088,-15.972126512328355,-15.973227300490558,-15.974284709679441,-15.975300442303892,-15.976276134196578,-15.977213358068418,-15.97811362510073,-15.978978387174262,-15.979809039984694,-15.980606924412978],