{"Energy":{"iters":[0,1,2,3,4,5,6,7,8,9,10,11,12,13,14,15,16,17,18,19,20,21,22,23,24,25,26,27,28,29,30,31,32,33,34,35,36,37,38,39,40,41,42,43,44,45,46,47,48,49,50,51,52,53,54,55,56,57,58,59,60,61,62,63,64,65,66,67,68,69,70,71,72,73,74,75,76,77,78,79,80,81,82,83,84,85,86,87,88,89,90,91,92,93,94,95,96,97,98,99,100,101,102,103,104,105,106,107,108,109,110,111,112,113,114,115,116,117,118,119,120,121,122,123,124,125,126,127,128,129,130,131,132,133,134,135,136,137,138,139,140,141,142,143,144,145,146,147,148,149,150,151,152,153,154,155,156,157,158,159,160,161,162,163,164,165,166,167,168,169,170,171,172,173,174,175,176,177,178,179,180,181,182,183,184,185,186,187,188,189,190,191,192,193,194,195,196,197,198,199],"Mean":{"real":[-8.999999999811834,-8.999999999811912,-8.999999999811987,-8.999999999812063,-8.99999999981214,-8.999999999812214,-8.999999999812294,-8.99999999981237,-8.999999999812445,-8.99999999981252,-8.999999999812596,-8.999999999812673,-8.999999999812747,-8.999999999812825,-8.999999999812898,-8.999999999812976,-8.999999999813049,-8.999999999813127,-8.999999999813202,-8.999999999813276,-8.999999999813355,-8.99999999981343,-8.999999999813504,-8.99999999981358,-8.999999999813653,-8.999999999813728,-8.999999999813806,-8.99999999981388,-8.999999999813955,-8.999999999814033,-8.999999999814108,-8.99999999981418,-8.999999999814255,-8.999999999814333,-8.999999999814406,-8.99999999981448,-8.999999999814557,-8.999999999814632,-8.999999999814708,-8.999999999814783,-8.999999999814856,-8.999999999814932,-8.999999999815005,-8.999999999815083,-8.999999999815154,-8.99999999981523,-8.999999999815305,-8.999999999815378,-8.999999999815454,-8.999999999815529,-8.999999999815604,-8.999999999815678,-8.999999999815751,-8.999999999815829,-8.9999999998159,-8.999999999815977,-8.99999999981605,-8.999999999816126,-8.999999999816197,-8.999999999816273,-8.999999999816346,-8.99999999981642,-8.999999999816495,-8.99999999981657,-8.999999999816644,-8.999999999816716,-8.999999999816792,-8.999999999816865,-8.99999999981694,-8.999999999817012,-8.999999999817085,-8.999999999817161,-8.999999999817234,-8.999999999817307,-8.99999999981738,-8.999999999817454,-8.999999999817529,-8.999999999817602,-8.999999999817675,-8.99999999981775,-8.99999999981782,-8.999999999817895,-8.99999999981797,-8.999999999818048,-8.999999999818126,-8.999999999818208,-8.99999999981829,-8.999999999818375,-8.99999999981846,-8.999999999818549,-8.999999999818641,-8.999999999818733,-8.999999999818833,-8.99999999981893,-8.999999999819035,-8.99999999981914,-8.999999999819249,-8.999999999819362,-8.999999999819481,-8.9999999998196,-8.999999999819728,-8.99999999981986,-8.999999999819996,-8.999999999820139,-8.999999999820288,-8.999999999820444,-8.99999999982061,-8.99999999982078,-8.999999999820965,-8.999999999821156,-8.99999999982136,-8.99999999982158,-8.999999999821815,-8.999999999822066,-8.999999999822341,-8.999999999822641,-8.999999999822972,-8.999999999823338,-8.999999999823752,-8.999999999824228,-8.999999999824787,-8.999999999825462,-8.999999999826134,-8.999999999826805,-8.999999999827471,-8.999999999828136,-8.999999999828798,-8.999999999829456,-8.999999999830111,-8.999999999830766,-8.999999999831417,-8.999999999832063,-8.999999999832706,-8.99999999983335,-8.999999999833985,-8.999999999834621,-8.999999999835257,-8.999999999835886,-8.999999999836511,-8.99999999983714,-8.999999999837762,-8.99999999983838,-8.999999999838998,-8.999999999839613,-8.999999999840224,-8.999999999840835,-8.999999999841439,-8.999999999842045,-8.999999999842645,-8.999999999843244,-8.999999999843842,-8.999999999844434,-8.999999999845027,-8.999999999845617,-8.9999999998462,-8.999999999846786,-8.999999999847367,-8.999999999847946,-8.999999999848523,-8.999999999849095,-8.999999999849667,-8.999999999850235,-8.999999999850804,-8.99999999985137,-8.999999999851934,-8.999999999852493,-8.999999999853049,-8.999999999853607,-8.999999999854158,-8.99999999985471,-8.999999999855259,-8.999999999855806,-8.99999999985635,-8.999999999856893,-8.999999999857433,-8.99999999985797,-8.999999999858506,-8.999999999859039,-8.99999999985957,-8.999999999860098,-8.999999999860627,-8.99999999986115,-8.999999999861672,-8.999999999862194,-8.999999999862712,-8.999999999863228,-8.999999999863743,-8.999999999864256,-8.999999999864766,-8.999999999865274,-8.999999999865782,-8.999999999866283,-8.999999999866787,-8.999999999867288,-8.999999999867786,-8.999999999868283,-8.999999999868777,-8.99999999986927,-8.999999999869761,-8.999999999870248],"imag":[8.470329472543003e-22,8.470329472543003e-22,8.470329472543003e-22,1.6940658945086007e-21,-8.470329472543003e-22,0.0,0.0,0.0,-8.470329472543003e-22,0.0,0.0,0.0,0.0,8.470329472543003e-22,0.0,0.0,0.0,0.0,0.0,0.0,-8.470329472543003e-22,0.0,0.0,0.0,8.470329472543003e-22,0.0,-8.470329472543003e-22,0.0,0.0,0.0,0.0,0.0,0.0,0.0,0.0,8.470329472543003e-22,0.0,0.0,8.470329472543003e-22,8.470329472543003e-22,0.0,8.470329472543003e-22,0.0,-8.470329472543003e-22,0.0,8.470329472543003e-22,-8.470329472543003e-22,0.0,-8.470329472543003e-22,0.0,8.470329472543003e-22,-8.470329472543003e-22,0.0,0.0,0.0,8.470329472543003e-22,0.0,8.470329472543003e-22,0.0,-8.470329472543003e-22,0.0,0.0,0.0,1.6940658945086007e-21,0.0,0.0,8.470329472543003e-22,0.0,0.0,8.470329472543003e-22,0.0,-8.470329472543003e-22,-8.470329472543003e-22,0.0,0.0,-8.470329472543003e-22,0.0,-8.470329472543003e-22,-1.6940658945086007e-21,8.470329472543003e-22,8.470329472543003e-22,0.0,8.470329472543003e-22,0.0,0.0,0.0,-8.470329472543003e-22,8.470329472543003e-22,8.470329472543003e-22,0.0,0.0,-8.470329472543003e-22,0.0,-1.6940658945086007e-21,0.0,-8.470329472543003e-22,0.0,8.470329472543003e-22,-8.470329472543003e-22,0.0,-1.6940658945086007e-21,0.0,0.0,0.0,-8.470329472543003e-22,0.0,8.470329472543003e-22,0.0,8.470329472543003e-22,0.0,0.0,8.470329472543003e-22,-8.470329472543003e-22,0.0,-8.470329472543003e-22,0.0,-8.470329472543003e-22,0.0,0.0,-8.470329472543003e-22,-8.470329472543003e-22,0.0,0.0,0.0,0.0,0.0,-8.470329472543003e-22,0.0,0.0,0.0,8.470329472543003e-22,-8.470329472543003e-22,0.0,0.0,0.0,0.0,0.0,0.0,0.0,-8.470329472543003e-22,8.470329472543003e-22,0.0,8.470329472543003e-22,0.0,0.0,8.470329472543003e-22,-8.470329472543003e-22,0.0,0.0,0.0,0.0,0.0,-8.470329472543003e-22,-8.470329472543003e-22,0.0,8.470329472543003e-22,8.470329472543003e-22,0.0,-8.470329472543003e-22,8.470329472543003e-22,0.0,0.0,0.0,-8.470329472543003e-22,0.0,0.0,0.0,-8.470329472543003e-22,0.0,-8.470329472543003e-22,0.0,-8.470329472543003e-22,0.0,0.0,0.0,0.0,-8.470329472543003e-22,0.0,0.0,0.0,8.470329472543003e-22,8.470329472543003e-22,0.0,8.470329472543003e-22,8.470329472543003e-22,-1.6940658945086007e-21,8.470329472543003e-22,0.0,8.470329472543003e-22,-8.470329472543003e-22,0.0,-8.470329472543003e-22,0.0,0.0,8.470329472543003e-22,8.470329472543003e-22,0.0,-8.470329472543003e-22,8.470329472543003e-22,8.470329472543003e-22]},