{"Energy":{"iters":[0,1,2,3,4,5,6,7,8,9,10,11,12,13,14,15,16,17,18,19,20,21,22,23,24,25,26,27,28,29,30,31,32,33,34,35,36,37,38,39,40,41,42,43,44,45,46,47,48,49,50,51,52,53,54,55,56,57,58,59,60,61,62,63,64,65,66,67,68,69,70,71,72,73,74,75,76,77,78,79,80,81,82,83,84,85,86,87,88,89,90,91,92,93,94,95,96,97,98,99,100,101,102,103,104,105,106,107,108,109,110,111,112,113,114,115,116,117,118,119,120,121,122,123,124,125,126,127,128,129,130,131,132,133,134,135,136,137,138,139,140,141,142,143,144,145,146,147,148,149,150,151,152,153,154,155,156,157,158,159,160,161,162,163,164,165,166,167,168,169,170,171,172,173,174,175,176,177,178,179,180,181,182,183,184,185,186,187,188,189,190,191,192,193,194,195,196,197,198,199],"Mean":{"real":[-8.99107845310797,-8.991790498649232,-8.992464450792808,-8.993143106471546,-8.994574740326486,-9.013044548841588,-9.048751422281413,-9.114494664441784,-9.249723880353754,-9.451756547911778,-9.655382261790873,-9.853349257960595,-10.046928930838419,-10.23733532696841,-10.425511243382479,-10.612135330266806,-10.797472217422223,-10.981282523159894,-11.16302025158839,-11.342182264142266,-11.518493497549358,-11.691879673206781,-11.862373903198797,-12.03004945030598,-12.194988501380976,-12.35727197246375,-12.51697794897629,-12.674182980498207,-12.828963652228763,-12.981397710685972,-13.13156415382431,-13.279543563073435,-13.425416320324103,-13.569262021879716,-13.711150683770517,-13.851163502396435,-13.989362178735282,-14.125799041895034,-14.26051475694911,-14.393536305902451,-14.524875226926156,-14.654526476308753,-14.782467604411009,-14.908670335430687,-15.03306309572772,-15.155572686770729,-15.276111017501258,-15.394576965726044,-15.510858664672204,-15.624836105115696,-15.736383981231123,-15.8453746776995,-15.95168128157063,-16.055180522652805,-16.155755572383995,-16.253298586117218,-16.347712929413493,-16.43891507113276,-16.526836065771935,-16.61142263579122,-16.69263298555996,-16.77045699157798,-16.844882245329792,-16.91592512020628,-16.98361293813196,-17.04798744573411,-17.109103682234235,-17.16702864279865,-17.221839937386505,-17.273624341406695,-17.32247636854794,-17.368496819828973,-17.41179147841799,-17.45246976813688,-17.490643578237044,-17.526426159812544,-17.559931123671632,-17.591271589671468,-17.620559379397548,-17.64790438564025,-17.6734139994062,-17.69719264763337,-17.71934151041241,-17.739958075183388,-17.759136001930276,-17.77696496288457,-17.793530571016795,-17.808914322385167,-17.82319360519664,-17.836441733178535,-17.848728013786587,-17.86011783856769,-17.870672796232324,-17.88045079725307,-17.8895062119705,-17.897890016292397,-17.905649942944656,-17.91283063557325,-17.91947380315962,-17.925618375558507,-17.93130065430057,-17.93655446211305,-17.941411288193656,-17.945900427602314,-17.95004911702339,-17.95388266367062,-17.957424568850097,-17.96069664595462,-17.96371913178141,-17.96651079283524,-17.969089023916972,-17.97146994411315,-17.973668484171235,-17.975698469967753,-17.977572700565197,-17.979303021596074,-17.980900393032165,-17.982374953549204,-17.983736079874628,-17.984992442479218,-17.98615205730806,-17.98722233374081,-17.988210096159705,-17.989121675919222,-17.989962923036273,-17.990739242061764,-17.991455625444644,-17.99211668449761,-17.992726678100357,-17.99328953922682,-17.993808899633173,-17.99428811277223,-17.99473027475331,-17.99513824396714,-17.9955146592097,-17.995861956456544,-17.996182384207856,-17.99647801795071,-17.996750773339727,-17.997002418425225,-17.99723458496041,-17.997448778897557,-17.997646390023668,-17.997828700862883,-17.997996894942307,-17.998152064408274,-17.99829521705255,-17.998427282806006,-17.998549119742922,-17.9986615196136,-17.998765212960706,-17.998860873839153,-17.99894912417477,-17.99903053778825,-17.99910564410849,-17.99917493160133,-17.99923885093399,-17.99929781789422,-17.999352216090266,-17.999402399432434,-17.99944869443312,-17.999491402324693,-17.9995308010144,-17.999567146889106,-17.999600676479414,-17.999631607996747,-17.999660142751964,-17.999686466461664,-17.999710750456646,-17.999733152794363,-17.999753819287342,-17.999772884451495,-17.99979047238039,-17.99980669755255,-17.99982166557598,-17.99983547387511,-17.9998482123255,-17.99985996383775,-17.99987080489728,-17.99988080606215,-17.999890032422286,-17.999898544023136,-17.999906396256577,-17.999913640221408,-17.999920323056166,-17.999926488245876,-17.999932175905236,-17.999937423039803,-17.999942263787055,-17.99994672963837,-17.999950849644463,-17.99995465060433,-17.999958157239895,-17.99996139235688,-17.99996437699344,-17.999967130557092,-17.999969670951135,-17.999972014691284,-17.999974177013165,-17.999976171971586],