{"Energy":{"iters":[0,1,2,3,4,5,6,7,8,9,10,11,12,13,14,15,16,17,18,19,20,21,22,23,24,25,26,27,28,29,30,31,32,33,34,35,36,37,38,39,40,41,42,43,44,45,46,47,48,49,50,51,52,53,54,55,56,57,58,59,60,61,62,63,64,65,66,67,68,69,70,71,72,73,74,75,76,77,78,79,80,81,82,83,84,85,86,87,88,89,90,91,92,93,94,95,96,97,98,99,100,101,102,103,104,105,106,107,108,109,110,111,112,113,114,115,116,117,118,119,120,121,122,123,124,125,126,127,128,129,130,131,132,133,134,135,136,137,138,139,140,141,142,143,144,145,146,147,148,149,150,151,152,153,154,155,156,157,158,159,160,161,162,163,164,165,166,167,168,169,170,171,172,173,174,175,176,177,178,179,180,181,182,183,184,185,186,187,188,189,190,191,192,193,194,195,196,197,198,199],"Mean":{"real":[-8.99999999866414,-8.999999998672017,-8.999999998679844,-8.99999999868762,-8.999999998695346,-8.999999998703025,-8.999999998710653,-8.999999998718234,-8.999999998725768,-8.999999998733253,-8.99999999874069,-8.999999998748086,-8.999999998755431,-8.999999998762732,-8.999999998769987,-8.999999998777195,-8.999999998784364,-8.999999998791486,-8.999999998798565,-8.999999998805603,-8.999999998812598,-8.999999998819547,-8.999999998826459,-8.999999998833323,-8.999999998840153,-8.999999998846938,-8.999999998853685,-8.999999998860392,-8.999999998867057,-8.999999998873683,-8.999999998880272,-8.999999998886823,-8.999999998893337,-8.99999999889981,-8.999999998906244,-8.999999998912644,-8.999999998919007,-8.999999998925333,-8.999999998931623,-8.999999998937877,-8.999999998944098,-8.999999998950281,-8.99999999895643,-8.999999998962545,-8.999999998968624,-8.99999999897467,-8.999999998980684,-8.999999998986661,-8.999999998992608,-8.99999999899852,-8.999999999004404,-8.999999999010253,-8.999999999016069,-8.999999999021856,-8.999999999027608,-8.999999999033331,-8.999999999039023,-8.999999999044688,-8.999999999050319,-8.99999999905592,-8.999999999061494,-8.999999999067036,-8.999999999072548,-8.999999999078032,-8.999999999083487,-8.999999999088917,-8.999999999094314,-8.999999999099686,-8.999999999105029,-8.999999999110347,-8.999999999115634,-8.999999999120897,-8.999999999126132,-8.99999999913134,-8.999999999136524,-8.999999999141677,-8.999999999146805,-8.999999999151912,-8.999999999156994,-8.999999999162046,-8.999999999167073,-8.999999999172081,-8.999999999177167,-8.999999999182345,-8.999999999187615,-8.99999999919298,-8.999999999198444,-8.999999999204015,-8.999999999209695,-8.999999999215492,-8.999999999221409,-8.99999999922745,-8.999999999233625,-8.999999999239947,-8.999999999246414,-8.999999999253038,-8.99999999925983,-8.999999999266798,-8.999999999273957,-8.999999999281314,-8.999999999288885,-8.999999999296694,-8.999999999304745,-8.999999999313061,-8.999999999321668,-8.999999999330592,-8.999999999339856,-8.999999999349495,-8.999999999359547,-8.999999999370054,-8.99999999938107,-8.999999999392651,-8.99999999940488,-8.999999999417842,-8.999999999431648,-8.99999999944644,-8.9999999994624,-8.99999999947977,-8.999999999498879,-8.999999999520195,-8.999999999544421,-8.999999999572704,-8.99999999960047,-8.999999999627757,-8.999999999654587,-8.999999999680988,-8.999999999706993,-8.99999999973262,-8.9999999997579,-8.999999999782851,-8.999999999807505,-8.999999999831875,-8.99999999985599,-8.999999999879872,-8.99999999990354,-8.999999999927015,-8.99999999995032,-8.999999999973472,-8.999999999996492,-9.000000000019401,-9.00000000004222,-9.000000000064965,-9.000000000087656,-9.000000000110315,-9.000000000132953,-9.000000000155602,-9.00000000017827,-9.00000000020098,-9.00000000022375,-9.000000000246605,-9.000000000269555,-9.000000000292626,-9.000000000315842,-9.000000000339213,-9.000000000362771,-9.000000000386528,-9.000000000410507,-9.000000000434735,-9.00000000045923,-9.00000000048402,-9.000000000509123,-9.000000000534568,-9.00000000056038,-9.000000000586583,-9.000000000613209,-9.00000000064028,-9.000000000667832,-9.000000000695891,-9.000000000724487,-9.00000000075366,-9.000000000783443,-9.00000000081387,-9.000000000844977,-9.00000000087681,-9.00000000090941,-9.00000000094282,-9.000000000977082,-9.000000001012252,-9.00000000104838,-9.000000001085516,-9.000000001123723,-9.000000001163066,-9.0000000012036,-9.000000001245407,-9.000000001288548,-9.000000001333106,-9.000000001379167,-9.00000000142682,-9.000000001476158,-9.00000000152728,-9.0000000015803,-9.000000001635335,-9.000000001692502,-9.000000001751946,-9.000000001813806,-9.000000001878238,-9.000000001945413,-9.000000002015511,-9.00000000208873,-9.000000002165281],